{
  "mean_cmi": {
    "observed": 0.11289267015706807,
    "ci_lower": 0.10517704601818684,
    "ci_upper": 0.12135014811242767,
    "significant": true
  },
  "mean_tds": {
    "observed": -0.022535565428356965,
    "ci_lower": -0.11888971435321113,
    "ci_upper": 0.08241675316061646,
    "significant": false
  },
  "max_tds": {
    "observed": 12.387504693139647,
    "ci_lower": 2.977842159186194,
    "ci_upper": 12.387504693139647
  },
  "mean_cps": {
    "observed": 0.784061933935249,
    "ci_lower": 0.7695459778665352,
    "ci_upper": 0.7977229618799976
  }
}