{
  "n_splits": 5,
  "mean_accuracy": 0.888709677419355,
  "std_accuracy": 0.08494963924041092,
  "mean_f1": 0.31295341924936493,
  "fold_accuracies": [
    0.967741935483871,
    0.9758064516129032,
    0.8629032258064516,
    0.7419354838709677,
    0.8951612903225806
  ],
  "fold_f1_scores": [
    0.32786885245901637,
    0.3292517006802721,
    0.3088023088023088,
    0.2839506172839506,
    0.3148936170212766
  ],
  "feature_importances": {
    "cmi_rolling_mean": 0.3250614183998456,
    "cmi_volatility": 0.2578102787151862,
    "tds_rolling_mean": 0.12046799269245512,
    "tds": 0.09947208011558374,
    "mean_cps": 0.08813845217325228,
    "tds_zscore": 0.06392966799338891,
    "cmi": 0.045120109910288114,
    "n_clusters": 0.0
  }
}