regime,vol_mean,vol_std,mean_corr_mean,mean_corr_std,dispersion_mean,dispersion_std
calm,0.00991874758148443,0.0031860842135189313,0.3075310964100024,0.07057808543850494,0.012823883351831902,0.002431988649370465
transition,0.009922947013931366,0.003176279785578311,0.3079854242267919,0.07093678343524194,0.012823883351831912,0.0024167359865946824
stress,0.01367533730746194,0.0066674022206214215,0.4911142123408121,0.05034078902803229,0.012823883351831905,0.004236715500126041
