regime,vol_mean,vol_std,mean_corr_mean,mean_corr_std,dispersion_mean,dispersion_std
calm,0.009745430925150561,0.002428161309667931,0.3162136395600047,0.07882583731521842,0.012942831435267114,0.001697009076429497
transition,0.015779340197733527,0.008326945704796243,0.45838551545417827,0.09662672983319144,0.012942831435266996,0.006424646822047124
stress,0.01583137089409208,0.008438364738033822,0.45838178489438464,0.0970631164190874,0.012942831435267017,0.00654681351100599
