regime,vol_mean,vol_std,mean_corr_mean,mean_corr_std,dispersion_mean,dispersion_std
calm,0.009655981383628892,0.0029924255624165516,0.3083540590565863,0.07247985042250261,0.012940089705138887,0.002477598120580739
transition,0.009659720288464986,0.002984060542950536,0.30851151798312376,0.07272135566725466,0.012940089705138822,0.002465053398351532
stress,0.014458077941930193,0.006366208885896077,0.45457052580231905,0.08929925605501082,0.012940089705138862,0.0038626218144198004
