regime,vol_mean,vol_std,mean_corr_mean,mean_corr_std,dispersion_mean,dispersion_std
calm,0.009898034773376602,0.003176633841891865,0.3077753703404654,0.07108915516621264,0.012943107712515643,0.0024319645747115505
transition,0.009901048996627644,0.003169187676106398,0.30800625390722214,0.07141923673680488,0.01294310771251562,0.002420127318197464
stress,0.014035678432077002,0.00710310910981809,0.4929036150156284,0.050842466683963326,0.012943107712515698,0.0043279411057288945
