regime,vol_mean,vol_std,mean_corr_mean,mean_corr_std,dispersion_mean,dispersion_std
calm,0.009900322795475733,0.003176018406935277,0.30804003853512346,0.07118488684424398,0.012936064757230548,0.0024306911151861263
transition,0.009903513216711537,0.003168496997458782,0.30828869463037595,0.07152282607188491,0.012936064757230553,0.002418667263999037
stress,0.014030574528007917,0.007163954878124874,0.49420639817791745,0.050071050501689314,0.012936064757230574,0.004368361147555856
