regime,vol_mean,vol_std,mean_corr_mean,mean_corr_std,dispersion_mean,dispersion_std
calm,0.008888207760189237,0.00224592654087352,0.3537597548504528,0.0845024532861248,0.012897352300574412,0.0016859367922157805
transition,0.015555828464426212,0.008722970714782471,0.4800523310602063,0.09771403960077742,0.01289735230057428,0.007050881643476719
stress,0.01556845099660839,0.008759079152910122,0.47969696365715486,0.0975465508804642,0.012897352300574224,0.007094548644121233
